attendance,homework_score,study_hours,past_exam_score,teacher_consultations,exam_success
68.72700594236812,84.90808570098726,3.702658576772393,71.14490710817309,1,0
97.53571532049581,76.80481831720601,10.838018947567162,68.75091265778386,2,0
86.59969709057026,65.47638081431639,17.458916717528165,41.53852394838614,3,0
79.93292420985183,90.68975098534743,14.644497728191224,60.474869657569386,1,0
57.80093202212183,84.23655862769397,16.131222957228996,62.811737127151424,0,0
57.79972601681013,58.130846967244565,13.175667334214348,63.92936685381403,1,0
52.90418060840997,95.54635922469213,13.84553129035705,74.81034215363994,2,0
93.30880728874675,91.12686214615846,16.983913031306386,72.0161528036127,1,0
80.05575058716045,97.4899956645962,4.993360177183719,76.47430556760668,4,0
85.40362888980228,86.28597541941801,9.78849927286281,85.8929956925277,1,0
51.029224714790125,80.6707597967895,4.4241888363920445,88.7791443229656,3,0
98.49549260809971,70.91215181453094,19.75336015993294,83.08738457358967,1,0
91.62213204002109,96.63642416770065,18.881186793732265,97.33142175729608,3,0
60.61695553391381,93.30319447502042,0.788536227370118,41.0939549605817,0,0
59.09124836035503,52.26093350530947,14.11150345031377,51.74667914101276,1,0
59.17022549267169,51.3183487248626,18.504966348313317,40.45377249868853,2,0
65.21211214797688,68.82316834390248,3.6115069025466706,78.84848284927618,1,0
76.2378215816119,90.52766653909165,11.358904611052589,93.88183293699922,2,0
71.5972509321058,99.36380646574722,18.309765951760838,54.608937794577955,2,0
64.5614570099021,57.52084455517641,0.6789195717159768,95.6220726877784,2,0
80.59264473611897,79.70653576760675,13.948405344936798,43.61604341737365,4,0
56.97469303260209,69.04454283155107,5.946980147451015,96.06616160833086,2,0
64.6072324267609,98.49571989073016,18.487923907530607,61.09736123437806,3,0
68.31809216468459,92.10594615678544,19.421164903307357,46.08524970695299,2,0
72.8034992108518,91.91643523555689,18.885329782268677,69.15230555117954,1,0
89.25879806965068,73.43465798974852,9.484284333149276,55.40659406323048,2,0
59.98368910791799,70.74097511688326,17.240853019786268,57.092374117715366,4,0
75.71172192068059,63.670353596535314,16.890987970701406,58.43739789557719,2,0
79.62072844310212,52.81877483254635,6.382009464865113,88.1815538699598,0,0
52.32252063599989,93.23611881275266,16.57830948301355,72.34967660051527,3,0
80.37724259507192,90.64505045650388,0.7401526943098524,58.67846194936022,0,0
58.526206184364575,99.98588366430653,11.92539756964106,76.6200269986551,5,0
53.25257964926398,99.83184185369527,4.6001767457540605,82.96904045339161,2,0
97.44427686266667,77.77158528013138,2.411337715545576,56.35744004401202,3,0
98.28160165372796,88.44937075902553,1.5390640325841831,64.8129460915211,2,0
90.41986740582306,97.23828649412141,13.925775517562794,47.313165600216855,5,0
65.23068845866854,92.48236953387058,6.797499275361323,50.86896097208082,2,0
54.883605700319194,62.36740508715988,14.49533543057523,80.86707123789897,2,0
84.21165132560785,72.52720676550467,1.3071268159788474,50.88630086173762,1,0
72.00762468698007,56.45797075757475,6.305806756612206,71.50980302002361,1,0
56.10191174223894,97.70255136293612,10.789825847506744,82.54277570334597,6,0
74.75884550556351,80.308731722544,15.814463296779271,46.41261538568463,1,0
51.71942605576092,61.43214027517314,6.375050058641398,74.03873317773422,2,0
95.4660201039391,83.58503422029284,12.517827528740181,55.393767022081825,0,0
62.93899908000085,80.90641202289478,17.71955496472374,97.77561251425479,4,0
83.1261142176991,67.90813590164203,12.31726376364609,69.01273880319548,2,0
65.58555380447055,55.67787960998145,4.659189495072676,88.35955298650948,3,0
76.00340105889055,83.57865977963998,0.4880156311307604,73.0135925293757,3,0
77.33551396716399,76.01538504518966,17.401977478018598,42.60475197128915,3,0
59.24272277627635,88.61591958678196,0.42538821700774276,77.98908253564134,2,0
98.47923138822793,76.00817505559966,17.49403345368399,97.08420053239942,1,0
88.75664116805572,92.609075015927,10.57874268054424,76.09670920877987,2,0
96.97494707820945,77.59534193872427,18.781353970257925,89.15133156560742,3,0
94.74136752138244,78.04689857676931,15.975664715473307,93.05238780090447,3,0
79.89499894055426,93.83268013291726,19.95868221066675,53.68478631693595,3,0
96.09371175115584,70.17414331061985,7.014236309034203,52.7226903944936,2,0
54.424625102595975,56.70076142253204,15.343765778622538,76.6588593310595,3,0
59.79914312095726,51.43913381566695,8.038618272184843,64.66170818840229,2,0
52.2613644455269,87.75686278368096,9.597512406078177,90.39167817200322,0,0
66.26651653816322,81.01547756767323,12.550109264367402,94.00138740388067,4,0
69.4338644844741,85.20398840496118,17.473542283726776,61.20528275816309,3,0
63.567451588694794,60.64820807544554,19.681669383985902,54.21223353846892,2,0
91.43687545759647,56.818573779338486,15.365468277290365,86.83153091463171,3,0
67.83766633467947,50.7272332833941,8.355335643346676,56.48836213288817,2,0
64.04672548436903,67.52937794032985,8.427140045541403,89.3568591108207,1,0
77.13480415791243,79.49588434273166,14.75164603177783,65.42429521892578,4,0
57.04621124873813,69.61220225498661,4.775542915366047,80.05299395748823,3,0
90.10984903770199,71.87374610118646,2.209482262627893,45.73211883008009,4,0
53.727532183988544,95.20793472468742,7.09244315281553,77.43155948059439,1,0
99.34434683002587,67.41277335116501,5.744779833081635,67.10606072423374,2,0
88.61223846483287,75.69947445799053,5.926162409119802,75.19650779052844,1,0
59.93578407670862,89.18265063705715,4.672155020998199,50.0808524646918,2,0
50.27610585618012,69.8271391160635,0.8418637927272377,84.21242469665093,1,0
90.77307142274171,81.10433501139367,0.3574786946682762,91.7678246525937,1,0
85.34286719238085,93.11818543733726,19.75444779472063,53.00438800544654,5,0
86.45035840204937,97.47603118288211,8.555462674717248,45.7428733312097,0,0
88.56351733429729,57.3536740464519,7.686532943193633,41.41831516278018,2,0
53.70223258670452,96.32938125807472,13.592945653861397,78.51829002659596,4,0
67.92328642721363,74.6058146539769,4.365077757301283,76.42564216532685,2,0
55.79345297625649,62.91221941494792,18.99922367900451,72.8018447628442,0,0
93.15517129377967,72.95678781191307,15.726900288311041,53.916825766958524,5,0
81.1649063413779,99.00162876427385,1.7882200462451903,63.45435975433088,2,0
66.54490124263246,74.63090469964348,8.351615515698567,75.66858011117039,4,0
53.177917514301186,66.43758051437541,17.582366151243292,69.80601153155015,3,0
65.54911608578311,81.67004271583629,18.894640445828205,99.26713121289325,1,0
66.25916610133736,62.00728093890965,9.348030224997395,48.18638515340399,2,0
86.4803089169032,53.7931664054332,12.268227784214154,81.70867324285562,5,0
81.87787356776066,56.44398609553246,3.3406789218415045,64.25912608625752,1,0
94.36063712881634,56.40229194788862,19.823372522739533,65.69197689553688,1,0
73.61074625809746,57.595134675614716,4.6334340276688675,83.05586593949057,1,0
55.97971229691508,56.94135863247051,18.854635482702513,81.54616907946217,3,0
85.66223936114974,82.04373724016074,12.99293297984737,99.4753596221313,2,0
88.03925243084487,59.09400421995724,12.154735897577183,47.703657367247516,1,1
78.06385987847482,67.28336416619317,10.253770220330171,46.246578963049984,0,0
88.54835899772806,94.8394204953006,4.613396234355173,83.46032902772447,1,0
74.68977981821953,73.69808201314362,3.5305606401101652,74.70321502038455,0,0
76.1366414690997,83.37788692605136,4.409724181403507,56.44963999358835,3,0
71.37705091792748,58.61599356008149,3.7287652428850904,44.765162139339196,2,0
51.27095633720476,59.61445094043354,15.591689471335066,45.13949497578583,0,0
55.39457134966522,52.043430813323944,7.002505183334602,93.6514524798471,1,0
51.57145928433671,58.44675315360823,1.1568535312679273,51.512039483124575,3,0
81.82052056318902,63.92951695159793,19.382052602816227,59.40229372693125,2,0
65.71779905381634,58.85052421383734,17.675717699268514,53.59938413361928,1,0
75.42853455823514,54.43512668785278,18.55504566390426,61.29977834991624,3,0
95.37832369630465,56.03179355503004,19.898156452928706,44.1654305647656,4,0
62.464611457443745,73.03893840163629,3.477904984389746,71.14358745449621,0,0
70.51914615178148,60.31668592028963,7.924840378053175,44.05675381553289,1,0
87.77755692715243,68.21349305240378,15.164769514081826,88.0213904693417,1,0
61.43990827458112,75.17086354274284,13.920412361075844,54.02272491462598,2,0
53.84899549143965,84.51974143146826,3.077918126797101,72.40071487627063,2,0
64.4875726456884,51.965606992054944,16.316662499812356,92.80474525368749,0,0
58.06106436270022,89.97051994545214,4.488811436733213,79.05264214283164,2,0
96.48488261712865,81.39501947454539,4.476352296452461,71.97746719308012,0,0
90.40601897822086,54.08795159744359,10.739488457868271,59.460025186922536,4,0
81.67018782552117,93.67893120533887,11.858798696834063,59.98011478349187,1,0
93.57302950938589,96.04362002659066,11.601724156756223,80.1692173118914,5,0
90.18360384495573,53.05389799274319,1.8297367479550974,99.64836167327005,1,0
59.32850294430179,63.843882407360184,17.54921725260761,79.71035139096271,1,0
94.62794992449889,90.31006398965306,5.312000851774121,73.46700504220149,0,0
76.96711209578254,87.41298451918291,2.5902984256560835,83.83903061435477,1,0
90.37200775820313,59.226050967818864,17.774961597379544,67.91233673702308,2,0
94.80456499617466,60.467466166835514,19.113029964595068,43.60854055604711,0,0
65.90017374859319,68.5236051395691,17.24255234530901,73.73780895267458,3,0
55.50259622638384,74.22614925955106,16.19032149449756,97.45751707032281,4,0
61.39675812709709,80.9127385765148,13.104839612780435,50.51817654145958,2,0
71.35538943131282,68.44568197848862,11.017147412182787,81.40029344923994,5,0
90.90073829612466,73.1267358066574,1.7397351982282028,52.05602131954339,2,0
93.03652916281717,87.37354690668784,8.169064261413974,72.14966106838487,3,0
50.34760652655954,51.834160144529896,7.45377034024628,45.800586978803175,1,0
75.53736512887829,62.62184721720104,5.195075675206525,67.02225617549111,2,0
70.87055015743894,85.66747929422762,14.468402273771698,85.36979973371476,0,0
61.105390523536514,94.76034188435997,9.917514701575417,60.85429145433892,3,0
55.99326836668414,75.58387210578331,1.6209243181529587,79.89470346923308,1,0
66.8807585701814,76.60567426326578,4.403664038996227,87.72699764738375,3,0
97.14548519562595,55.358600566988805,13.665175273191918,95.63066916876716,3,0
66.16014660103777,72.37061834117273,1.5226171898060037,54.078524911327214,1,0
75.9395310871683,76.63086332275115,17.024138280975375,63.958954948558485,3,0
85.15094794475888,62.12352518173648,9.902930540279486,49.14496079982504,0,0
68.1814801189647,63.46216154746905,9.61173154653296,99.5490101295025,1,0
98.58910413604804,68.86420815523113,11.848155693190352,95.62005807545772,0,0
98.12236474710556,51.003559888886315,16.493619318502983,72.39742781683358,2,0
62.58911479126821,66.10395827915892,6.956184158043861,90.52199766258528,1,0
74.86242529461927,60.572400349827234,13.560323051181271,71.25747863632253,4,0
65.04391549083849,66.37486760889573,11.314639279915822,77.41514128016559,3,0
64.24202471887338,55.98810659096256,5.3405654033884264,45.34746592696099,1,0
51.84434736772664,94.52636403699475,17.57259972710316,85.31622522980848,1,0
80.47821669899484,79.67962267770244,15.948520432138562,47.66280901811409,4,0
75.13395116144308,83.95511595722448,13.16903669316851,89.5640578151517,1,0
52.57393756249947,89.45856193036691,17.011634581884838,86.92168526022316,1,0
63.93232321183057,74.92210994645286,17.34588401919605,82.52468186457858,1,0
95.41329429833269,54.34601440437118,14.167259534300696,42.169622831485725,3,0
61.978094533348624,76.85532709092739,16.74026656727344,58.187701356719714,1,0
57.24474360456115,79.34205590104395,13.949429233385672,55.78675419465057,2,0
74.47263801387815,87.2719737092165,13.602815435206008,61.60818444829114,5,0
99.28252270553003,71.58297731148397,12.372227564303685,45.25856480583031,1,0
62.10276357557502,56.37901513977819,15.054332791152824,96.21746938186376,2,0
83.60677737029393,64.18879528993622,3.172102105861474,73.22813444274257,5,0
88.08098076643589,68.15411481993175,17.61741518397857,58.33145863948141,1,0
61.881877199619986,82.29586206658007,17.43687055490464,63.818891024457,4,0
86.41081743059297,78.53891523344559,0.5849456606911829,66.83215243029014,4,0
68.38915663596266,67.80483629489231,16.516335011295254,76.03566000163704,1,0
81.61529152967897,99.32576243964898,2.577397349468904,70.94076566178987,2,0
81.67648553804473,80.28874096784436,6.702377085182838,95.16351839286504,3,0
76.78873420373793,61.86133958679972,14.870165125832155,69.81780897434982,6,0
54.51448850272041,55.089123631020186,3.215197920966164,99.52948088939877,0,0
91.7651247794619,57.642956959216605,16.359340482381242,91.08549746470575,4,0
66.0390032485868,62.29788641922541,16.64268355915484,52.51063086144015,3,0
59.32592551999271,58.03406866297779,10.149354675216724,95.83571287863498,1,0
52.0387570777382,59.32835120256529,0.1277174343366716,46.98198387312856,4,0
79.5446471594121,64.25475843469235,5.740762663498256,89.04698250947149,1,0
83.87821809211411,58.66867976473774,12.338538367514843,62.837397608594806,2,0
50.829391446392805,94.83827123132126,19.62372356054847,92.67845922670418,1,0
75.60465291496405,54.01168728308211,12.636270540333367,92.08340140644702,4,0
61.3247887598969,76.22556947851274,5.196071621283195,88.35552400705727,3,0
82.25863952047249,70.51984134948307,12.680114061992228,87.40182617842368,6,0
58.718321450249576,99.11893084543033,10.799707594317109,58.280748345882444,1,0
84.5468869051233,55.60194510840262,15.596907903022872,44.85515698307513,2,0
69.33676731502686,69.89277995228709,2.139612776539168,64.17881072590968,1,0
96.83649943683673,98.47352166376845,15.22055805004056,50.41147089919052,2,0
56.87604720729966,93.27535629469901,10.825331573522206,81.69706533414771,3,0
67.05331755251292,90.85360354746399,19.25984007717989,60.76598359226713,3,0
55.67367606202946,62.895141352246995,6.837443320773722,98.53661205159489,0,0
96.23468091392814,58.54437936950329,12.652437862678962,78.45832464071992,1,0
93.86696766904905,83.43216099622154,18.64056211020035,89.34883381806165,1,0
62.89708138575778,96.46879945637929,2.050194559813585,47.95148036451091,4,0
82.99920230170895,77.83814465069649,18.744569744729024,91.72086893635736,1,0
90.8611100100608,78.580634473495,13.757714446016267,95.36543143080365,4,0
77.76004057997312,63.998954683014205,1.356741182103438,69.22371512913615,0,0
76.48252891780032,88.47464665959684,6.019271338936325,76.37517626505866,3,0
62.092614545022585,59.35218742787617,14.163441772905632,85.88858805417973,1,0
54.65513839029496,66.18396182021218,1.347012029375434,50.49031763562475,2,0
94.86078789766634,71.27182193082083,11.643409203525465,70.15396458780654,4,0
95.02090285816652,75.38051893422275,6.917661139059135,63.919781666338785,2,0
81.65507286366339,62.12048662075401,12.418310355349542,48.782439529734944,1,0
66.95148955243504,55.74184123696018,0.914840676250257,62.05206533749188,1,0
67.46047873063304,80.53100212208163,17.430736123047524,44.09033856312961,2,0
86.29778394351197,64.43152766201278,19.469779383547937,41.54871441696922,1,0
94.85551299762886,79.06191107113061,19.37755710571383,48.109977349289366,2,0
94.35432121325587,57.718135763710116,14.993036634858495,97.78690669535044,1,0
88.99377729288119,74.05700509274087,2.6017248026126394,72.97177215370101,2,0
82.10158230771438,76.62947162757929,15.165263918580452,97.94932966919319,0,0
54.206998249752445,52.591176841121346,0.4917383291760302,65.94987269980791,1,0
58.08143570473069,66.83021390969603,0.4424710305799451,58.70896798511558,4,0
94.92770942635397,56.72073384694871,6.4722043829908245,70.36851177041464,3,0
80.3214529829795,53.168748523638385,9.772863808093316,66.3707013179746,2,0
50.45985258083148,99.49801161949726,15.408148356155865,46.33988105570464,2,0
55.073577143301605,66.11769224873615,13.665907532130104,78.44957888141238,1,0
83.1750884554028,90.49372229273175,8.918054127534967,52.96229095057598,5,0
50.253079192310935,62.732032738188195,5.472533325633318,77.17527729386978,0,0
58.04040257087493,84.07513611119646,19.942490003154223,79.01206554388921,2,0
77.4366894683293,88.01139299448432,8.523626044719459,49.12149118771889,3,0
84.59475988463467,79.78193703039221,9.02774048659351,43.680977626640086,1,0
82.59806297513003,73.57880942750792,3.2724764238333837,86.84569516410639,2,0
61.21346547302799,70.59204570736343,15.896190974998587,67.5880254261592,4,0
85.6089610673768,67.44341332714977,13.873644515629772,43.48982773032855,3,0
61.862454374840006,96.4764572123913,4.415392255775208,99.69197903018602,2,0
66.26998490796339,91.53097038938645,1.647620912316854,43.466833659782,1,0
87.32457025590121,98.25134553332563,13.609986041494261,81.7021137315132,3,0
82.48164495236074,56.21486117427724,13.090224285622705,99.02073551580482,2,0
92.4611705247089,86.54337376018222,5.465190539964187,54.350806252955536,1,0
82.88064461501716,96.91702284105189,19.017271245008207,48.53496212123177,0,0
78.41543016677358,59.061653308283006,3.0211578356180047,47.283096365345735,0,0
54.683738391404624,53.32481336833887,8.646696020852039,58.196508854055736,2,0
68.38579015297168,87.05603246450295,18.872318403351976,46.0627486606388,0,0
63.26011838408627,78.7236556589956,8.394546338522446,81.52968050164792,1,0
62.19948216895418,92.0914388379136,12.77051895328171,43.73750788780376,0,0
98.65052773762227,56.988618831314476,7.9518879592558855,70.56532768898738,0,0
69.65488623333802,89.76336559299452,5.484304046973401,99.8018112311786,2,0
94.60232775885567,60.08136600238723,19.679552959196563,88.83821617036114,2,0
81.55693129986315,58.18279714328523,8.18668012630086,76.91316629386066,4,0
89.74056517708243,58.21328989654965,17.88198407358269,58.3752172471967,4,0
75.1318546552596,90.72873601156911,4.599092117821724,77.43375017749831,0,0
78.84519423131795,83.25986103481,4.262094080501666,71.6224878346991,2,0
74.6258846909432,76.15327123845597,0.6226816576902272,65.56500303342229,1,0
59.76214938990223,67.94152420617513,13.033336507517701,47.84262260441197,2,0
86.12260576307526,93.86002704065541,7.370526874475223,93.196252914428,1,0
64.03861812204279,69.62225537113177,17.28716499679274,66.98707892927935,0,0
51.21579832157269,90.82997197357886,9.464198133831143,51.6773507092459,4,0
82.27361479535838,71.95674542851091,19.363868558294435,62.06556105263738,4,0
58.85553397035245,68.84722147124538,3.710510314062423,64.84778515173562,1,0
97.02292921764572,73.13398928348032,17.372463359112217,89.65227373401245,1,0
97.69642885012937,65.0688937082071,15.531937055834835,84.01686283368412,3,0
95.74321951102243,87.38046900881255,15.41843689288104,86.15829361848039,6,0
68.50793501277222,75.13601950462396,16.895664562337753,40.661875865718834,1,0
50.77283082644337,61.61063475734086,15.220479818859978,64.96923989078569,1,0
96.41592812938626,94.97872866372842,12.524406432628307,68.88064909811942,3,0
71.40920741586572,69.19456106866056,2.6248975536477515,41.1515366093834,3,0
98.33274095218349,77.17764305569943,0.6505235898250383,55.58879252470206,1,0
98.18099885446264,95.32360554822735,18.416956956313737,85.6173893873281,2,1
92.650472773368,81.21189979569961,12.333006290414762,48.22658234373994,2,0
64.72244460347929,55.8449020354182,15.930745819523526,72.11860788715549,1,0
69.25488643009626,96.99160618067376,9.630447030251002,52.91211232103425,2,0
92.55683357584284,81.38540265357089,2.3461637792478895,40.727246478633596,2,0
65.84610025781389,66.7452807328543,2.5037158440510088,54.472087455972485,2,0
58.474637334304624,56.96360363316936,13.711305744579427,98.55242529460322,2,0
77.84006312291751,89.7012594635148,8.606117897989254,88.09222671297937,2,0
96.80773870803904,81.00363779642568,4.010494534006734,97.574598659262,1,0
84.80148983374865,76.67305459881608,9.831890934828738,69.27124263558174,1,0
78.50305850446824,94.69462915254789,1.2841787415026817,46.584171920650206,5,0
54.85882468853843,89.42986056122655,11.639428038287976,72.87756933842158,3,0
80.75036133495848,57.58374398663756,5.379868088701953,67.26264007359765,3,0
99.50269250521316,65.5861033897774,15.951182012743763,90.66142496437695,1,0
57.0042007618262,62.424456990723286,6.207239178471475,45.88495484705467,2,0
75.91648261818683,87.19731462863385,9.104402981636024,69.29446822130669,7,0
93.86865359639776,51.67662173678897,0.2324107981620127,49.00291988163906,2,0
87.03843088771022,78.49448424356582,1.4489377558911776,59.480555613403595,2,0
84.8507870497634,88.12293428703452,7.849871128133696,84.24142464326798,3,0
85.12420419935546,93.83828183808748,9.59877669434247,68.561087762126,0,0
67.97455756098776,67.10408743579538,12.000410962386074,62.553297108746165,2,0
64.67959221322467,91.06286523360063,5.833251574186065,63.66857671420212,2,0
90.46805777392568,55.53158684776036,13.899637722530851,67.5668061043592,2,0
90.50566973395904,92.3226145867259,17.20244794378409,87.10099263022342,1,0
93.35361592900519,56.37443311659912,15.597019777866997,93.52508133641406,2,0
95.66202762782356,69.86436452801837,0.7923765069671429,97.3200811902357,1,0
75.56711994304689,89.86476828897767,9.610138945156578,87.2142031753177,2,0
75.07581473435998,57.49587136743869,2.0986035683634974,58.924413744880766,2,0
89.91475894833876,61.462569761632075,4.840900317250549,81.28808236519254,5,0
82.49819653888827,86.1126284196533,19.73325186534293,66.25618744332351,2,0
85.09834386288517,86.00182682730372,2.8499108580302646,55.28023732276307,2,0
89.78963347180505,82.05738164426486,9.977763069027121,90.45229476555537,1,0
94.50026709087831,84.697422223355,12.363114686362382,42.3055809377395,1,0
66.89975784257679,77.13622216737981,14.049299410882078,94.1057195281254,0,0
68.7791476319972,62.58995294534763,11.192973669738283,67.68864787748404,0,0
54.69909699204345,67.28479967519597,0.19541694838367318,78.23208860849682,2,0
78.9140070498087,59.079885840071285,6.529226164879837,79.56123533234697,4,0
51.797113689837104,95.42252806668142,10.354232867694229,93.70706444239218,2,0
73.27990090662301,79.16958973830603,1.757329982896667,78.20018093003245,5,0
77.13223173537884,70.042570838182,7.012538624183615,76.8360150856037,1,0
64.32706260641422,73.10029018220663,0.6640621758273313,43.999122433641396,1,0
79.54166302845053,97.36416698059077,1.5715699431004149,71.10448131671225,2,0
51.52501249695247,57.66757015580401,7.938465524031921,49.010140049022496,0,0
51.86740943746072,79.31149160083986,2.654315080861207,84.24602612328914,0,0
91.13002803298292,75.2944339442233,11.350816965231163,70.73331524876048,4,0
68.00953207056314,80.57271177173239,13.789299382745314,80.8136667525012,3,0
56.35302563259424,50.90550919104203,16.011733982181656,42.50037403614306,1,0
76.11216300274022,93.60619544720757,4.003004884896201,45.087520962748194,2,0
88.49967765493054,96.60591412418063,3.349651645181395,82.97940328376094,0,0
60.791051374842155,78.25665917946044,2.091356806688005,44.325060159920405,0,0
81.14452379095002,84.8325411938446,12.728604990872734,44.27540366591552,1,0
54.2673732496884,96.12496905886479,14.129514529738023,40.72650851409325,2,0
52.58408605843039,85.36193171566993,0.6317228965128407,97.39008389796881,2,0
76.5677315784074,57.62695214571307,18.724244924873798,84.25050156754043,1,0
77.03175608050532,78.81441800834065,1.0394256730294482,61.19508451012385,0,0
81.87149507491033,80.3357523191428,10.82592670602141,57.792134877259315,3,0
86.30456668613309,71.2065335651193,14.181210389018329,60.982193784750976,3,0
98.79260397312673,86.82221178123615,17.41938247492171,86.47921187087091,3,0
75.81501741505977,96.71835073845074,14.281738642648556,79.68223666422486,5,0
66.1478236470623,96.27842564533881,16.034561661395838,51.11173407204808,2,0
89.75930973843518,72.5419685702066,6.789003850856121,50.44656012004506,2,0
63.54161256310371,55.661902292037766,16.296502274930244,45.90373898280384,3,0
71.9485710352818,99.24205994811672,1.6022969276935028,79.61816318208028,2,0
53.922819067113295,91.94490432229671,17.896333121210553,85.86235973330416,2,0
51.267537170772876,56.233134060163344,10.951847523074726,55.90278569950024,2,0
98.13242073389625,96.04209413086862,16.345955399249874,41.256697661854766,6,0
91.79900602561028,93.49481810310641,9.046365690366002,44.93030004858564,4,0
84.7987103046849,75.94190285630361,12.871553903930499,98.07160209070183,1,0
70.44764722071349,79.56377178724647,10.528053218722263,57.72668664864521,6,0
58.66471600354229,69.95013519350651,14.631790435106637,86.15338887028801,1,0
57.8218521335543,52.73808194110157,1.6325996406117915,77.47981413125584,3,0
62.512144908229764,66.75986208229504,1.207041679811276,62.91637837917375,1,0
77.46133323530603,90.14267242990057,4.942064680202929,52.341235731733306,3,0
85.72979613500311,50.23160115023014,3.190893602263767,47.283185089564384,4,0
83.00986883588656,66.6749585845572,17.435671331844034,76.900778082332,3,0
63.99669484729714,69.90843467954717,4.384279747160886,86.47802683826728,3,0
97.7432640331597,76.86978014689615,19.517305116382627,78.63425521246785,2,0
86.89484583478843,95.99278082063802,6.737915835422137,71.81812799494949,4,0
77.71770262557004,67.31729971829806,3.6423583137739857,42.517073405898174,4,0
80.5860373117176,67.34766009481139,15.793970142849583,98.10932665566303,1,0
70.9800031213895,86.87506240548743,13.174155510017522,87.92285149927447,2,0
62.386549475057876,72.61089704449036,9.96391432906278,57.56932220205788,2,0
67.79863393256308,61.2302411469991,11.107271018752625,98.79821976153104,2,0
87.89230552321845,72.62197580663467,14.384035565445277,76.11289537817933,2,0
50.719674431487796,57.04285101898999,4.5690948266259745,74.94535949243479,2,0
55.80363202534581,58.819349325311165,19.926678321134837,84.88439076577193,4,0
52.30013210108764,74.91838863697399,19.495863242935663,88.70618728540825,1,0
52.03644011594851,70.9462724752274,13.006513726938739,79.38871643989016,1,0
92.77302920055035,95.742295053405,3.9908490185829026,47.685744781972005,1,0
85.18289296900119,68.11969495583165,13.604564848625827,60.296050359669906,2,0
73.70869145436626,79.02941751390217,1.4439681795835169,95.685018419563,1,0
54.89170803255007,81.61321439597651,0.6130500441161213,53.476936710631115,1,0
74.58079375584163,50.654722829416684,5.153657770224274,62.330021430250795,3,0
73.67358853902829,83.17686860083553,9.252459134786326,65.92461297665176,2,0
58.66009349550076,58.90179834348757,17.36545010816761,66.36429938166714,1,0
71.69258246189865,98.05351587347275,14.543381395326161,76.77637494967152,1,0
69.92523671986868,57.43313638765565,14.85413042399962,96.58455026468246,3,0
80.79250490261083,70.73120618635119,8.509866688961507,54.4415627099503,0,0
81.75468254338219,54.26748340393219,6.918699850939259,47.290082578055085,2,0
52.265200488602225,99.84371259229736,7.4207752596920535,51.848229391596234,3,0
68.73063073132356,75.10975051656213,19.752991274721158,93.21549401255618,0,0
81.29299578571182,79.76925086600218,0.8021838282496496,78.74864875931236,3,0
75.15681292900439,53.353823869421376,17.340629922448972,57.15440735434961,2,0
92.82449205941612,87.49802351995889,11.573508171447868,88.95681633811704,3,0
82.93468158094726,60.49527965477929,8.77230838379181,91.68219978180616,2,0
58.14672135407149,94.90271447203568,14.50515320830273,90.79086032141669,2,0
53.52843737002149,60.25698202410036,9.733378828494057,95.13559201837327,3,0
82.12096391031578,59.534386033183324,17.46846476163321,55.134461210401696,2,0
51.32556552708109,51.827483392404744,18.01403728022517,85.3025157247767,3,0
79.28877906367316,73.60334725549995,8.434418537469108,67.6323698364484,2,0
97.01151207124788,78.24205666313082,5.536555944701032,90.5199131734037,0,0
78.77370889379395,53.285431971417616,11.847006571867244,83.70944062969679,1,0
69.4084963103261,88.77638083475053,18.24726691233382,86.58684678998347,3,0
82.16441092211767,72.66444173740138,4.213243780113332,79.36971026086428,2,0
72.91264452457582,76.219513466379,12.459331671269656,50.645726168182414,3,0
77.28083946579675,72.03813734691141,12.631204401850411,72.70161513381629,1,0
97.07324043882626,70.0381530437663,14.66226044830562,99.0801843714705,2,0
69.30513189003871,77.9820165654109,2.631353702545196,96.24328398982713,0,0
98.05952819119571,57.76201229653562,14.31649929364177,42.5904241478207,1,0
95.26753209780318,59.09640652476355,18.18065041331282,49.888888943766226,1,0
59.78955673946482,93.08928105067587,3.5936621774048394,47.903726407273716,0,0
53.46806504375827,97.30577310668164,4.750866498477553,83.55879459911773,4,0
55.038900068871335,68.66546581398765,19.427901880832792,89.0671197914167,6,0
50.91109128257749,63.53723365717769,3.6195390541897954,52.81068197864032,4,0
54.72214803779642,82.19997716195078,17.087701867391583,70.35116157710974,3,0
84.15033867081785,70.43670855490481,9.845557128960696,90.44218168067201,1,0
53.55943242301145,51.26931778301724,4.944621488063541,83.96809268597504,4,0
65.94878151468806,57.80762986830952,17.414998025450227,72.5342323295109,2,0
92.24376554847274,85.79861144236988,8.90610510005331,75.42086142752638,3,0
51.163596786791295,82.94619709550757,10.296347078593804,70.5016328149768,2,0
90.72342412944678,51.354799625174174,7.184667387995313,57.85290707912924,0,0
64.09273873867,61.098608096647474,11.859017028698549,73.90131957154097,2,0
55.90824138108281,61.55373982940357,3.2704774517004553,81.33311812300545,2,0
84.83685826820754,83.59463717993643,7.821630733035214,92.39937495164847,3,0
81.4471423389942,50.98552688771821,19.38824644670575,78.1774812387549,1,0
93.87360067635265,55.205429099228695,5.162668654022551,85.66729222258948,0,0
86.75355219019428,89.99580426865947,13.134733290825844,49.60429809727438,1,0
90.17404651924244,58.927233102716684,6.503801284493898,67.6934484651874,3,0
64.10172862856533,82.63730539259373,15.469462513732013,40.559897189625595,1,0
58.87197718898614,61.90913905233633,2.6174732143669965,54.80073187129738,1,0
87.53073758204292,54.97206963796726,19.396420901570895,83.5877029067803,2,0
90.3417369633632,62.1586095499727,9.075790827672785,99.5085970809618,5,0
99.52525710003366,86.11334659278296,4.721009266929279,45.95068597523296,4,0
70.63088384557133,92.78482340531428,1.4699349466002531,64.0896589516773,2,0
68.60090428963916,91.51099322834958,3.395158101750815,88.00425812194956,2,0
88.82064803709984,69.85917648092274,10.395478971120353,52.24213807773393,5,0
67.0401770126509,83.40425682853231,6.7400635286257256,73.30509695813717,1,0
96.53786628017824,60.24921477079105,16.57766731765219,83.98427776178049,2,0
92.9206375921506,64.65738651305067,8.617750473236118,76.95912701561073,1,0
71.44970136875092,94.81679092605599,4.974285451752598,51.28148407692497,3,0
87.54355338957487,50.6500961755368,12.342899732080602,61.323074121144366,0,0
87.72714370423412,54.2754265427234,14.135544337708916,87.02750706912383,0,0
55.15619344179663,60.394312757301364,3.340838158018997,73.253590847921,2,0
95.12764533397834,51.32661019369099,3.3523843257663533,40.313776812574766,1,0
75.26261862239286,59.071771754489866,0.7334285386708594,85.65944560168563,1,0
91.32287330538708,79.15207804848461,14.72804030131281,42.118681296414344,2,0
66.00248005153058,71.0712275296249,13.276090552436102,84.74402696387392,1,0
94.77616142481003,94.63358555384875,9.492617514996278,52.14883360991425,2,0
69.46008393670816,90.87217808692205,16.883408979383944,97.48440880716282,2,0
50.54188257401492,67.0908675848938,16.113403059001065,62.07644507812507,3,0
95.26909882096318,62.971171671564626,11.707087287935042,59.615896980284745,3,0
54.56433383930668,68.98462040836334,17.365425610265174,48.93328301994668,1,0
65.96568187952074,79.51474712574039,4.1168242007353655,58.33625292941289,1,0
97.50309835254025,63.403182041143815,2.2383923879545575,92.59904570969204,1,0
97.5303573468778,81.2074453924567,5.394992230339792,99.78006025763483,2,0
78.67189440616431,70.47058260956203,1.141737121786297,62.098571830410904,2,0
81.59186060848997,77.602359042599,10.62339056002064,66.91663785727255,1,0
72.42227609891599,71.80632645676583,18.732113845899228,83.32425629216422,1,0
64.66053858490322,64.72328797709588,0.7868708133701929,93.17174682790447,3,0
66.4332272684958,97.42266534810784,2.442198280200536,75.58266005120706,1,0
83.62592280385192,88.18028970798804,9.043980565668706,63.491541890669765,5,0
87.618726471884,57.00565878832263,18.6775003505581,64.75731045091743,2,0
89.57895218629243,93.42339879489563,6.32312209953501,81.73708878980841,3,0
89.48090713972769,74.37155991247567,10.144696173767848,40.19309581625672,0,0
54.560305152434516,94.72761134470457,0.8314571810078419,77.17536024759045,3,0
74.72101523512907,89.99276279736577,2.9668640192417772,61.329580626481444,0,0
52.877938000832216,71.26067522346167,19.73260245917694,87.65183987662505,4,0
77.47644411618677,51.12346541600587,19.30237392872091,45.57943838938793,1,0
72.07652506866884,63.4338679692473,0.09879961868819231,75.29213601690343,2,0
94.38520913791498,77.08171073304334,19.03623570846478,68.85837339316743,3,0
67.54575062760394,81.67391099130737,12.782398756310007,78.53953155431364,1,0
55.853350821380296,62.894384271660115,17.358365890400442,43.8912156689781,0,0
57.149584102641796,56.96780370364121,9.094797112677181,74.79902724568788,2,0
88.07553158587362,91.74651183996495,10.311920571585006,73.68907527757142,2,0
80.91090316581305,99.22010903517761,9.776931605138405,73.63960566497025,2,0
55.05613380613951,76.28450911513428,13.337285150922087,76.20925999578729,0,0
54.20534030574987,58.583964292415175,2.793025095126258,80.58807623358173,3,0
85.048456572956,63.61536632596845,0.599471797453559,88.29933998084618,5,0
53.638150318209675,50.919533827373336,6.158598831823818,56.18924320769286,1,0
91.09300296451781,95.71494032802495,14.093615254732935,89.50296461080373,2,0
85.31211135782482,55.88755414450706,4.037069042458967,69.89534093580721,2,0
54.06743903209499,78.82582377571268,13.468648666498346,44.62349674805987,6,0
54.241885704259595,63.7027610343603,19.39824092214541,43.51305575463875,1,0
99.33197892505876,77.70890012578967,1.8780143157883677,60.05429912176365,2,0
68.71353978780601,82.57101941759322,13.452042364502525,87.09381862668806,1,0
68.53210735334454,91.48709018536007,8.875004386091423,82.46085608445495,1,0
90.63997836287513,60.32106358803016,17.362845087550106,87.31689788034438,2,0
97.36242886919294,50.549791432924025,3.542995788947718,71.03614338649656,0,0
99.30005319114355,56.844281503440364,13.85251904452329,66.41193987732943,4,0
87.66890926294708,95.00093209240526,16.762305792962206,48.84715160237704,2,0
68.81297927654579,93.69450387812577,18.892284389480466,59.69156521655869,3,0
54.17503583493344,79.87065510851542,13.664960565792917,66.04116197043251,1,0
88.85734579637185,80.02584302168268,9.943495280168547,45.31602578077703,1,0
77.92021248679025,83.25183372731277,12.356944804024277,53.236717162672676,3,0
71.21110046234881,58.76856393117248,17.378099689574363,75.89351764382434,2,0
95.3177192547368,95.72059729624799,11.412194932776593,84.1397868543514,2,0
55.559874115307565,70.93852624460365,0.6077411939367372,99.90085068357698,0,0
74.63125521454296,69.15692641247487,18.618973910139555,95.98679988061346,1,0
50.567682238370956,75.94588526414188,13.790535020631223,78.5539119721115,2,0
73.43303209970631,52.348298338752755,13.53026771554493,65.27488319764433,0,0
52.815163784091865,58.31416843780397,4.3135030479543435,78.17064188249395,4,0
55.9408958134036,86.90168082131852,13.177709404653143,87.13909708481393,5,0
55.87631233885524,54.139933396256325,7.87728811308317,47.10017145540324,0,0
82.46051510580318,80.1576054733194,13.024659540829841,64.59429338177729,0,0
87.30224396327117,62.26745548406605,2.1318606061598144,90.38813713813704,6,0
79.16843825485799,69.46478070209884,13.156906092060721,63.02997711598264,0,0
98.10862742372709,64.43468683853499,19.98827451541333,74.31233627363119,1,0
68.7435289761852,67.78363582324747,0.9642407772111206,75.26616165173189,0,0
64.28560431409304,85.95229525921228,19.543483684426345,51.06857518801836,3,0
93.42995640947302,64.85608578115875,8.138159214457412,61.734126499137304,2,0
61.17979192597263,78.32023201484486,17.415069006745185,60.07067732451593,3,0
98.16112697203056,73.80252010995498,15.64770968116547,41.571802511923885,5,0
50.60772373449082,83.1835582681324,11.340325219733355,41.45150583348131,5,0
98.49394133538195,96.84148696623791,14.76898418502653,89.9018226205464,2,0
52.1579955975288,86.62860486051252,17.57031122602696,56.38424859836874,3,0
94.55715568490356,60.74701892953784,8.082806433020659,71.08472597432893,6,0
76.385055454315,51.55915675306424,6.540663231264774,57.92353441532639,3,0
99.64823980596502,63.113202214991254,13.351867711271694,96.44075470692043,2,0
53.68982823676994,79.75389653501274,16.15691883882517,55.55780553194643,3,0
77.69271422006604,52.57129067421252,15.245702695532316,65.7794087643361,1,0
98.46512678095495,74.81831236006181,15.95627297717269,92.36381502907611,1,0
76.15489220850745,79.84214244584446,8.71166629625866,90.51601400750852,4,0
81.46993190676312,66.71219454084805,16.35668432350043,51.16608507077664,0,0
84.78743444923086,88.54561018729109,2.404181107412169,88.15859858774263,6,0
72.72705323838866,55.32991265668859,10.889781959216991,67.49121320427356,2,0
81.37790400420317,53.75688908679044,0.11517320996243141,68.97813232512131,3,0
79.21571559615501,86.40943781018017,6.4917165980054055,48.00879834495663,2,0
95.05790052454944,74.77456581030992,7.329230697427958,44.836090825427476,0,0
52.272319017072896,84.4201198213868,7.923453832185108,83.6763584184259,1,0
64.04815947961151,71.74136693018731,13.909344133797244,69.78766914131799,4,0
97.52057420382793,62.32010166195534,7.771162025406914,66.21104215691076,3,0
94.51318919454582,90.95511588371,8.973872452450614,83.7704937191438,3,0
72.78283763928565,89.97079394844897,4.75088261748655,85.93077393946658,5,0
81.00662989007684,84.73482354272133,7.465035832586802,49.53449006016122,1,0
63.86905914905663,63.607256861498136,4.545392545263029,76.61350896865848,4,0
59.40605798618807,79.51153334345435,1.4639184753688728,48.12124493666113,1,0
73.18492024699911,68.04869484700134,12.068971867627559,85.08250516174274,1,0
67.66761140130264,54.579103666331704,13.364255971100325,79.41730937602837,1,0
79.1828055925436,95.86567877311214,12.38980692019229,97.39687726500748,0,0
53.88673184824924,56.84093154594807,9.269880876011447,44.13748098138527,1,0
98.71974038330833,97.51186769104012,7.595715603584596,43.423283269075256,4,0
99.31053722398013,72.30028864789779,17.266672991436504,56.93122448159201,2,0
